OverallQual,YearBuilt,YearRemodAdd,TotalBsmtSF,BsmtFinSF1,1stFlrSF,2ndFlrSF,GrLivArea,FullBath,HalfBath,TotRmsAbvGrd,Fireplaces,GarageCars,GarageArea,WoodDeckSF,OpenPorchSF,SalePrice
7.0,2001.0,2001.0,963.0,361.0,963.0,829.0,1792.0,2.0,1.0,7.0,1.0,2.0,564.0,0.0,96.0,217778.25110088987
5.0,1939.0,1997.0,720.0,378.0,1052.0,720.0,2192.0,2.0,1.0,8.0,1.0,1.0,240.0,262.0,24.0,169773.38817336294
5.0,1967.0,1967.0,882.0,450.0,900.0,0.0,900.0,1.0,0.0,5.0,0.0,1.0,280.0,0.0,0.0,103097.98619691632
4.0,1970.0,1970.0,630.0,131.0,630.0,0.0,630.0,1.0,0.0,3.0,0.0,0.0,0.0,0.0,0.0,44262.878762780456
5.0,1959.0,1959.0,1188.0,1000.0,1188.0,0.0,1188.0,1.0,0.0,6.0,0.0,2.0,531.0,0.0,0.0,140578.96157856216
8.0,2007.0,2007.0,1582.0,1288.0,1610.0,551.0,2161.0,1.0,1.0,8.0,1.0,3.0,789.0,178.0,120.0,301615.0266238379
8.0,2003.0,2004.0,1181.0,0.0,1234.0,1140.0,2374.0,2.0,1.0,10.0,1.0,3.0,656.0,104.0,100.0,282981.9015516627
7.0,2005.0,2005.0,600.0,0.0,520.0,600.0,1200.0,2.0,1.0,4.0,0.0,2.0,480.0,0.0,166.0,169579.74036249937
7.0,2004.0,2005.0,847.0,0.0,847.0,1101.0,1948.0,2.0,1.0,8.0,1.0,2.0,434.0,100.0,48.0,221726.9594105163
7.0,1989.0,1989.0,1518.0,1518.0,1644.0,0.0,1644.0,2.0,0.0,5.0,1.0,2.0,569.0,80.0,0.0,231556.15960352682
5.0,1971.0,1971.0,1484.0,998.0,1484.0,0.0,1484.0,2.0,0.0,7.0,1.0,2.0,487.0,224.0,0.0,183487.85866671032
1.0,1922.0,1950.0,683.0,350.0,904.0,0.0,904.0,0.0,1.0,4.0,0.0,0.0,0.0,0.0,0.0,-11047.045512691373
7.0,2007.0,2007.0,1373.0,0.0,1555.0,0.0,1555.0,2.0,0.0,7.0,1.0,3.0,660.0,143.0,20.0,237909.8287512567
9.0,1981.0,1987.0,1842.0,1810.0,1842.0,0.0,1842.0,0.0,1.0,5.0,1.0,3.0,894.0,857.0,72.0,328881.13957551075
7.0,2002.0,2002.0,1654.0,986.0,1654.0,0.0,1654.0,2.0,0.0,6.0,0.0,3.0,900.0,0.0,136.0,240874.80124738533
5.0,1930.0,1950.0,912.0,324.0,912.0,336.0,1248.0,1.0,0.0,6.0,0.0,1.0,160.0,0.0,0.0,102043.8662054746
5.0,1966.0,1966.0,894.0,180.0,894.0,0.0,894.0,1.0,0.0,5.0,0.0,1.0,384.0,0.0,0.0,99053.57995686354
5.0,1961.0,1961.0,1235.0,600.0,1235.0,0.0,1235.0,1.0,0.0,6.0,0.0,2.0,480.0,0.0,0.0,137157.1202226933
7.0,1979.0,1979.0,1332.0,1258.0,1332.0,192.0,1524.0,0.0,1.0,4.0,1.0,2.0,586.0,268.0,0.0,215983.26226023142
6.0,1980.0,1980.0,923.0,543.0,923.0,0.0,923.0,2.0,0.0,5.0,1.0,1.0,264.0,80.0,0.0,145864.71433397126
5.0,1978.0,1978.0,1040.0,616.0,1040.0,0.0,1040.0,2.0,0.0,5.0,0.0,0.0,0.0,0.0,0.0,103076.46005975897
4.0,1885.0,1950.0,777.0,0.0,1246.0,1044.0,2290.0,2.0,0.0,11.0,0.0,2.0,560.0,0.0,0.0,136412.58470178442
8.0,1995.0,1996.0,1595.0,1180.0,1616.0,0.0,1616.0,2.0,0.0,5.0,1.0,2.0,608.0,237.0,152.0,257591.2059665064
10.0,2006.0,2007.0,1700.0,1172.0,1718.0,0.0,1718.0,2.0,0.0,7.0,1.0,3.0,786.0,216.0,48.0,327197.16511703306
6.0,1928.0,1950.0,784.0,0.0,784.0,0.0,784.0,1.0,0.0,5.0,0.0,2.0,360.0,0.0,0.0,113860.39460394997
6.0,1964.0,1993.0,822.0,536.0,1020.0,831.0,1851.0,2.0,1.0,7.0,1.0,2.0,440.0,239.0,42.0,201122.3161369427
6.0,1920.0,1999.0,611.0,0.0,751.0,611.0,1362.0,2.0,0.0,6.0,0.0,2.0,502.0,0.0,0.0,146969.32955497666
7.0,2000.0,2001.0,1349.0,0.0,1349.0,0.0,1349.0,2.0,0.0,6.0,0.0,2.0,539.0,120.0,55.0,198499.9294013253
9.0,2008.0,2009.0,1926.0,0.0,1966.0,1174.0,3140.0,3.0,1.0,11.0,2.0,3.0,820.0,144.0,78.0,356179.4433458252
5.0,1971.0,1971.0,765.0,471.0,765.0,600.0,1365.0,1.0,1.0,6.0,0.0,2.0,440.0,240.0,36.0,144180.53445051447
5.0,1898.0,1965.0,849.0,0.0,1075.0,1063.0,2138.0,2.0,0.0,11.0,0.0,2.0,360.0,40.0,156.0,160763.04198934464
6.0,1972.0,1972.0,672.0,317.0,672.0,546.0,1218.0,1.0,1.0,7.0,0.0,1.0,264.0,0.0,28.0,135529.03387790825
5.0,1972.0,1972.0,864.0,390.0,864.0,0.0,864.0,1.0,0.0,5.0,0.0,1.0,352.0,0.0,0.0,103607.15779315913
4.0,1941.0,1950.0,672.0,348.0,672.0,252.0,924.0,1.0,0.0,5.0,0.0,1.0,280.0,0.0,0.0,68624.20340510434
5.0,1954.0,1990.0,1297.0,1213.0,1297.0,0.0,1297.0,1.0,0.0,5.0,1.0,2.0,498.0,0.0,0.0,163569.41445562034
9.0,2003.0,2004.0,1896.0,1274.0,1944.0,0.0,1944.0,2.0,0.0,8.0,3.0,3.0,708.0,208.0,175.0,342320.21282665455
6.0,1948.0,2002.0,972.0,680.0,972.0,0.0,972.0,1.0,0.0,5.0,1.0,1.0,240.0,0.0,0.0,147543.4159967783
4.0,1923.0,1958.0,440.0,0.0,869.0,0.0,869.0,1.0,0.0,4.0,0.0,0.0,0.0,0.0,0.0,41486.71246878966
7.0,1990.0,1990.0,1475.0,1085.0,1532.0,797.0,2329.0,2.0,1.0,10.0,1.0,2.0,514.0,192.0,121.0,267457.6126764582
4.0,1910.0,2000.0,560.0,0.0,796.0,550.0,1346.0,1.0,1.0,6.0,0.0,1.0,384.0,168.0,24.0,97978.05184163805
5.0,1949.0,2008.0,768.0,292.0,1148.0,568.0,1716.0,1.0,1.0,8.0,1.0,1.0,281.0,0.0,0.0,155282.02558779716
6.0,1956.0,1956.0,1196.0,616.0,1196.0,0.0,1196.0,1.0,0.0,6.0,1.0,1.0,297.0,0.0,44.0,147810.2992962671
5.0,1941.0,1950.0,720.0,116.0,803.0,0.0,803.0,1.0,0.0,5.0,0.0,2.0,360.0,0.0,0.0,98142.11803999543
5.0,1949.0,2003.0,845.0,220.0,893.0,0.0,893.0,1.0,0.0,4.0,0.0,2.0,576.0,0.0,0.0,119982.3003653728
6.0,2000.0,2000.0,924.0,0.0,948.0,742.0,1690.0,2.0,1.0,7.0,1.0,2.0,463.0,100.0,48.0,191859.30816291017
6.0,1970.0,1970.0,1657.0,1237.0,1657.0,0.0,1657.0,2.0,0.0,7.0,1.0,2.0,484.0,0.0,0.0,205027.09140606597
7.0,1926.0,1950.0,572.0,0.0,572.0,539.0,1111.0,1.0,0.0,5.0,1.0,1.0,288.0,0.0,0.0,131530.49021747406
7.0,2007.0,2007.0,1266.0,0.0,1266.0,0.0,1266.0,2.0,0.0,6.0,1.0,2.0,388.0,100.0,16.0,205209.3656781693
8.0,2008.0,2009.0,1468.0,0.0,1468.0,0.0,1468.0,2.0,0.0,6.0,1.0,3.0,898.0,210.0,150.0,258258.66021037963
7.0,1974.0,2003.0,1192.0,125.0,1516.0,651.0,2167.0,2.0,1.0,9.0,2.0,2.0,518.0,220.0,47.0,253239.26186586614
5.0,1956.0,1956.0,0.0,0.0,882.0,0.0,882.0,1.0,0.0,4.0,0.0,1.0,308.0,0.0,45.0,77942.19816559576
7.0,1880.0,2002.0,1470.0,0.0,1675.0,1818.0,3493.0,3.0,0.0,10.0,1.0,3.0,870.0,302.0,0.0,286715.8206298745
5.0,1940.0,1955.0,740.0,403.0,778.0,0.0,778.0,1.0,0.0,4.0,1.0,1.0,924.0,0.0,25.0,98902.14021354448
8.0,1995.0,1995.0,1128.0,584.0,1142.0,878.0,2020.0,2.0,1.0,8.0,1.0,2.0,466.0,0.0,155.0,251128.9693773943
7.0,2006.0,2006.0,1240.0,0.0,1240.0,0.0,1240.0,2.0,0.0,5.0,0.0,3.0,826.0,140.0,93.0,209476.05171597912
5.0,1948.0,1950.0,789.0,104.0,789.0,0.0,789.0,1.0,0.0,5.0,0.0,1.0,250.0,0.0,0.0,84395.39202261134
5.0,1971.0,1971.0,950.0,412.0,950.0,0.0,950.0,1.0,0.0,5.0,0.0,1.0,280.0,0.0,0.0,106843.48041742854
7.0,2000.0,2000.0,384.0,250.0,774.0,656.0,1430.0,2.0,1.0,7.0,1.0,2.0,400.0,180.0,0.0,203538.11483693565
5.0,1954.0,1954.0,936.0,812.0,1128.0,0.0,1128.0,1.0,0.0,5.0,0.0,1.0,286.0,0.0,0.0,110846.89031839906
6.0,1985.0,1985.0,741.0,0.0,977.0,755.0,1732.0,2.0,1.0,7.0,1.0,2.0,476.0,192.0,46.0,187755.33712616237
6.0,1964.0,1964.0,1516.0,196.0,1516.0,0.0,1516.0,1.0,1.0,6.0,0.0,2.0,472.0,0.0,0.0,165466.47928714682
8.0,1998.0,1999.0,1028.0,281.0,1210.0,1242.0,2452.0,2.0,1.0,9.0,1.0,2.0,683.0,208.0,50.0,270212.2616602795
4.0,1950.0,1950.0,721.0,0.0,841.0,0.0,841.0,1.0,0.0,4.0,0.0,1.0,294.0,250.0,0.0,70768.40523047186
5.0,1972.0,2003.0,768.0,660.0,768.0,0.0,768.0,1.0,0.0,5.0,0.0,1.0,396.0,192.0,0.0,121440.10210326104
5.0,1964.0,1999.0,1486.0,637.0,1486.0,0.0,1486.0,1.0,0.0,7.0,0.0,2.0,480.0,0.0,0.0,165861.78616270213
5.0,1962.0,2001.0,999.0,588.0,999.0,0.0,999.0,1.0,0.0,6.0,0.0,1.0,264.0,0.0,132.0,126163.55992961512
6.0,1906.0,1995.0,756.0,0.0,756.0,713.0,1469.0,1.0,0.0,7.0,0.0,1.0,216.0,57.0,0.0,136295.71053490252
7.0,1994.0,1994.0,973.0,595.0,979.0,871.0,1850.0,2.0,1.0,7.0,1.0,2.0,467.0,168.0,98.0,225694.77010266366
5.0,1977.0,1977.0,1126.0,936.0,1126.0,0.0,1126.0,2.0,0.0,5.0,1.0,2.0,484.0,295.0,41.0,164714.8511756051
5.0,1957.0,2002.0,1216.0,383.0,1526.0,0.0,1526.0,1.0,0.0,7.0,1.0,1.0,364.0,116.0,78.0,161037.23456157884
5.0,1946.0,1994.0,1598.0,152.0,1636.0,971.0,3086.0,3.0,0.0,12.0,1.0,0.0,0.0,122.0,0.0,197565.70598210348
4.0,1920.0,2008.0,736.0,0.0,736.0,716.0,1452.0,2.0,0.0,8.0,0.0,0.0,0.0,0.0,0.0,90908.14557359135
8.0,2004.0,2004.0,1136.0,970.0,1136.0,1332.0,2468.0,2.0,1.0,10.0,1.0,3.0,872.0,184.0,154.0,304152.03296950203
7.0,1941.0,1950.0,918.0,364.0,918.0,728.0,1646.0,2.0,0.0,7.0,2.0,1.0,240.0,0.0,0.0,178562.37063386175
5.0,1936.0,1989.0,796.0,626.0,1096.0,370.0,1466.0,2.0,0.0,7.0,1.0,2.0,566.0,436.0,21.0,175927.19415119197
7.0,2009.0,2010.0,1358.0,733.0,1358.0,0.0,1358.0,2.0,0.0,6.0,1.0,2.0,484.0,192.0,35.0,226382.68929733336
7.0,1992.0,1992.0,384.0,0.0,812.0,670.0,1482.0,2.0,1.0,7.0,1.0,2.0,392.0,100.0,25.0,194692.4114300944
5.0,1940.0,1950.0,728.0,428.0,976.0,332.0,1308.0,1.0,1.0,7.0,2.0,1.0,256.0,0.0,70.0,131708.5641012136
10.0,2001.0,2002.0,2633.0,1282.0,2633.0,0.0,2633.0,2.0,1.0,8.0,2.0,3.0,804.0,314.0,140.0,387825.44881152245
7.0,2006.0,2007.0,1258.0,0.0,1258.0,0.0,1258.0,2.0,0.0,6.0,1.0,3.0,648.0,144.0,16.0,222246.57640706026
6.0,1968.0,1968.0,896.0,448.0,1182.0,960.0,2142.0,2.0,1.0,8.0,1.0,1.0,509.0,0.0,72.0,182996.12089571147
4.0,1935.0,1995.0,884.0,0.0,989.0,584.0,1573.0,1.0,0.0,6.0,0.0,1.0,240.0,0.0,0.0,101856.4450401743
5.0,1982.0,1982.0,840.0,672.0,860.0,0.0,860.0,1.0,0.0,4.0,0.0,2.0,528.0,0.0,0.0,123556.4642784344
5.0,1960.0,1960.0,1268.0,697.0,1264.0,0.0,1264.0,1.0,0.0,6.0,2.0,2.0,461.0,0.0,0.0,158863.4438759298
7.0,1988.0,1988.0,980.0,394.0,980.0,734.0,1714.0,2.0,1.0,7.0,1.0,2.0,496.0,228.0,66.0,218629.86245111818
5.0,1965.0,1998.0,864.0,661.0,1200.0,0.0,1200.0,1.0,1.0,6.0,0.0,2.0,884.0,0.0,64.0,150457.90810465394
6.0,1977.0,1977.0,690.0,535.0,698.0,728.0,1426.0,1.0,1.0,6.0,0.0,2.0,440.0,252.0,0.0,167382.5699974217
6.0,2004.0,2004.0,1158.0,941.0,1158.0,0.0,1158.0,1.0,1.0,5.0,0.0,2.0,576.0,0.0,50.0,177440.9844799568
6.0,1992.0,1992.0,1055.0,0.0,1055.0,790.0,1845.0,2.0,1.0,8.0,1.0,2.0,462.0,635.0,104.0,220134.9525631573
6.0,1978.0,1978.0,918.0,226.0,918.0,765.0,1683.0,2.0,1.0,7.0,1.0,2.0,440.0,243.0,0.0,189014.78955651377
7.0,2006.0,2007.0,1258.0,0.0,1402.0,0.0,1402.0,0.0,2.0,7.0,1.0,3.0,648.0,120.0,16.0,229235.25233551627
6.0,1974.0,1999.0,1040.0,663.0,1309.0,0.0,1309.0,1.0,1.0,5.0,1.0,2.0,484.0,265.0,0.0,189741.81148547446
4.0,1971.0,1971.0,864.0,432.0,864.0,0.0,864.0,1.0,0.0,5.0,1.0,0.0,0.0,0.0,0.0,77662.61231703241
4.0,1962.0,1962.0,0.0,0.0,1224.0,0.0,1224.0,2.0,0.0,6.0,0.0,2.0,462.0,0.0,0.0,97308.38733319822
5.0,1924.0,1950.0,1145.0,405.0,1301.0,0.0,1301.0,1.0,0.0,5.0,0.0,2.0,440.0,0.0,0.0,121983.5603348685
5.0,1910.0,2003.0,661.0,0.0,661.0,589.0,1250.0,2.0,0.0,8.0,1.0,2.0,552.0,242.0,0.0,151922.7494012341
5.0,1964.0,1964.0,912.0,312.0,912.0,0.0,912.0,1.0,0.0,5.0,0.0,1.0,288.0,0.0,0.0,100316.22746703285
5.0,1958.0,1965.0,1029.0,504.0,1339.0,0.0,1339.0,1.0,0.0,6.0,0.0,1.0,294.0,0.0,0.0,122608.36306401133
6.0,1969.0,2005.0,1026.0,439.0,1026.0,0.0,1026.0,1.0,0.0,5.0,0.0,2.0,440.0,171.0,48.0,163546.07060107263
5.0,1968.0,1968.0,1051.0,673.0,1159.0,0.0,1159.0,1.0,1.0,7.0,1.0,1.0,336.0,466.0,0.0,155301.66180609143
5.0,1969.0,1969.0,784.0,562.0,1168.0,800.0,1968.0,2.0,1.0,7.0,1.0,2.0,530.0,305.0,189.0,184324.3820049467
5.0,1982.0,2003.0,816.0,816.0,816.0,0.0,816.0,1.0,0.0,4.0,0.0,2.0,816.0,0.0,0.0,132723.27628176264
4.0,1910.0,1950.0,622.0,0.0,741.0,622.0,1363.0,1.0,0.0,6.0,0.0,2.0,528.0,0.0,0.0,89057.90039127553
4.0,1971.0,1971.0,858.0,0.0,872.0,0.0,872.0,1.0,0.0,5.0,0.0,4.0,480.0,0.0,0.0,121180.33208869095
5.0,1953.0,2006.0,1008.0,643.0,1008.0,0.0,1008.0,1.0,0.0,6.0,0.0,1.0,240.0,0.0,18.0,125789.65414942079
7.0,1914.0,1970.0,880.0,390.0,880.0,888.0,1768.0,1.0,1.0,6.0,2.0,2.0,320.0,0.0,341.0,198846.39070962532
6.0,2005.0,2006.0,1316.0,28.0,1316.0,0.0,1316.0,2.0,0.0,6.0,1.0,2.0,397.0,100.0,0.0,187605.57155509153
7.0,1915.0,1970.0,756.0,216.0,961.0,756.0,1717.0,1.0,0.0,7.0,1.0,3.0,642.0,0.0,35.0,199350.88264672994
6.0,1925.0,1950.0,672.0,156.0,810.0,672.0,1482.0,2.0,0.0,7.0,0.0,1.0,400.0,0.0,0.0,127455.62576473458
8.0,1994.0,1995.0,1463.0,1032.0,1500.0,1122.0,2622.0,2.0,1.0,9.0,2.0,2.0,712.0,186.0,32.0,300210.9266466743
5.0,1904.0,2002.0,650.0,0.0,958.0,581.0,1539.0,2.0,0.0,8.0,1.0,2.0,686.0,70.0,78.0,155833.98867458128
5.0,1948.0,2002.0,896.0,603.0,1112.0,896.0,2008.0,3.0,0.0,8.0,0.0,1.0,230.0,103.0,0.0,162060.60386232915
6.0,1976.0,1976.0,1029.0,422.0,1117.0,0.0,1117.0,1.0,0.0,6.0,1.0,2.0,672.0,144.0,0.0,171485.76975740748
7.0,2004.0,2004.0,1414.0,24.0,1414.0,0.0,1414.0,2.0,0.0,6.0,0.0,2.0,494.0,132.0,105.0,204302.319192976
8.0,2005.0,2005.0,893.0,0.0,901.0,900.0,1801.0,2.0,1.0,8.0,1.0,3.0,800.0,0.0,116.0,252461.43169180606
6.0,2005.0,2006.0,728.0,0.0,728.0,728.0,1456.0,2.0,1.0,8.0,1.0,2.0,390.0,0.0,24.0,183974.46075496427
8.0,2007.0,2007.0,1466.0,16.0,1466.0,0.0,1466.0,2.0,0.0,7.0,0.0,3.0,610.0,100.0,18.0,243747.45665877638
5.0,1966.0,1966.0,955.0,763.0,955.0,0.0,955.0,1.0,0.0,6.0,0.0,1.0,386.0,0.0,0.0,114807.5612475397
5.0,1958.0,1958.0,1052.0,57.0,1252.0,668.0,1920.0,2.0,0.0,8.0,1.0,2.0,451.0,0.0,0.0,161338.94707306568
8.0,1981.0,1981.0,1686.0,0.0,1707.0,0.0,1707.0,2.0,1.0,6.0,1.0,2.0,511.0,574.0,64.0,252982.1922604728
5.0,1941.0,1960.0,984.0,408.0,984.0,620.0,1604.0,2.0,0.0,6.0,0.0,2.0,660.0,0.0,68.0,138321.18638982042
8.0,2006.0,2006.0,1489.0,0.0,1489.0,0.0,1489.0,2.0,0.0,7.0,1.0,2.0,776.0,0.0,140.0,238631.27527969354
8.0,1995.0,1996.0,1462.0,689.0,1490.0,1304.0,2794.0,2.0,1.0,9.0,1.0,3.0,810.0,0.0,146.0,298881.26915596216
7.0,1931.0,1950.0,1040.0,224.0,1226.0,592.0,1818.0,1.0,1.0,7.0,2.0,1.0,240.0,0.0,0.0,182934.87134095142
6.0,1973.0,1973.0,942.0,837.0,1291.0,1230.0,2521.0,2.0,1.0,10.0,1.0,2.0,576.0,728.0,20.0,252524.9512159403
6.0,1985.0,1985.0,1298.0,1258.0,1298.0,0.0,1298.0,2.0,0.0,5.0,1.0,2.0,403.0,165.0,26.0,194753.66462662187
9.0,2009.0,2009.0,1766.0,1121.0,1766.0,0.0,1766.0,2.0,1.0,7.0,1.0,3.0,478.0,195.0,130.0,310016.134818797
5.0,1952.0,1952.0,540.0,0.0,1044.0,0.0,1044.0,1.0,0.0,4.0,0.0,2.0,504.0,0.0,0.0,101906.3565578924
7.0,1984.0,1984.0,1190.0,828.0,1190.0,900.0,2090.0,2.0,0.0,6.0,1.0,2.0,577.0,219.0,0.0,230656.79025067645
7.0,2009.0,2009.0,846.0,0.0,846.0,846.0,1692.0,2.0,1.0,6.0,0.0,2.0,650.0,208.0,114.0,206439.8806562645
7.0,2006.0,2006.0,1063.0,0.0,1071.0,1101.0,2172.0,2.0,1.0,9.0,1.0,3.0,947.0,192.0,62.0,257584.72259847936
3.0,1952.0,1952.0,0.0,0.0,944.0,0.0,944.0,1.0,0.0,4.0,0.0,2.0,528.0,0.0,0.0,54126.43266947474
5.0,1954.0,1954.0,1008.0,486.0,1008.0,0.0,1008.0,1.0,0.0,4.0,1.0,1.0,275.0,0.0,0.0,108090.79815700673
5.0,1946.0,1995.0,768.0,352.0,768.0,432.0,1200.0,1.0,0.0,6.0,0.0,1.0,240.0,0.0,0.0,115984.87906276784
5.0,1925.0,2004.0,680.0,0.0,764.0,0.0,764.0,1.0,0.0,4.0,0.0,2.0,504.0,0.0,0.0,106715.92147036339
6.0,1997.0,1997.0,1479.0,1200.0,1494.0,0.0,1494.0,2.0,0.0,6.0,0.0,2.0,576.0,168.0,27.0,203742.40218850994
10.0,1995.0,1996.0,1930.0,1387.0,1831.0,1796.0,3627.0,3.0,1.0,10.0,1.0,3.0,807.0,361.0,76.0,395607.82906627236
9.0,2008.0,2008.0,1702.0,1540.0,1702.0,0.0,1702.0,1.0,1.0,7.0,1.0,3.0,1052.0,0.0,72.0,306560.28540354525
7.0,1999.0,1999.0,975.0,0.0,1005.0,1286.0,2291.0,2.0,1.0,8.0,1.0,2.0,429.0,192.0,0.0,233006.8539824416
6.0,1961.0,1996.0,912.0,832.0,912.0,0.0,912.0,1.0,0.0,5.0,0.0,1.0,288.0,168.0,0.0,144372.38755479734
5.0,1919.0,2005.0,793.0,0.0,997.0,520.0,1517.0,2.0,0.0,7.0,0.0,0.0,0.0,0.0,0.0,110011.19876956916
6.0,1977.0,1995.0,1330.0,896.0,1542.0,1330.0,2872.0,2.0,1.0,11.0,1.0,2.0,619.0,550.0,282.0,277583.9982732865
6.0,1958.0,2002.0,1184.0,528.0,1414.0,0.0,1414.0,1.0,0.0,6.0,1.0,2.0,601.0,0.0,51.0,185340.39001814672
7.0,2003.0,2004.0,1374.0,0.0,1557.0,0.0,1557.0,2.0,0.0,7.0,1.0,2.0,420.0,143.0,20.0,220715.36618139665
4.0,1920.0,1950.0,649.0,0.0,649.0,668.0,1317.0,1.0,0.0,6.0,0.0,1.0,250.0,0.0,54.0,73693.80084108608
7.0,2006.0,2006.0,939.0,0.0,939.0,858.0,1797.0,2.0,1.0,8.0,0.0,2.0,639.0,144.0,53.0,214039.25138668274
5.0,1940.0,1950.0,756.0,312.0,756.0,378.0,1134.0,1.0,1.0,7.0,0.0,1.0,240.0,0.0,0.0,103136.00220514089
7.0,2001.0,2002.0,1413.0,0.0,1430.0,0.0,1430.0,2.0,0.0,6.0,0.0,2.0,605.0,0.0,33.0,197783.68834245205
7.0,2002.0,2002.0,916.0,700.0,920.0,941.0,1861.0,2.0,1.0,8.0,0.0,2.0,492.0,146.0,91.0,223698.60321294842
5.0,1965.0,1965.0,925.0,338.0,925.0,0.0,925.0,1.0,0.0,5.0,0.0,1.0,429.0,0.0,0.0,102674.48406261695
7.0,1995.0,1996.0,1237.0,0.0,1253.0,0.0,1253.0,2.0,0.0,6.0,1.0,2.0,402.0,220.0,21.0,203935.308884545
6.0,1994.0,1995.0,702.0,0.0,702.0,779.0,1481.0,2.0,1.0,6.0,1.0,2.0,343.0,0.0,36.0,170538.80165376095
4.0,1971.0,1971.0,864.0,524.0,864.0,0.0,864.0,1.0,0.0,4.0,0.0,2.0,576.0,216.0,0.0,105756.05511811096
6.0,1997.0,1997.0,916.0,0.0,916.0,684.0,1600.0,2.0,1.0,7.0,1.0,2.0,460.0,100.0,38.0,187691.95469600265
7.0,2003.0,2004.0,764.0,573.0,764.0,862.0,1626.0,2.0,1.0,6.0,0.0,2.0,474.0,0.0,27.0,198801.64590788353
8.0,2006.0,2006.0,1234.0,0.0,1264.0,1312.0,2576.0,2.0,1.0,10.0,1.0,3.0,666.0,324.0,100.0,298477.72104451107
3.0,1915.0,1982.0,1013.0,0.0,1013.0,0.0,1526.0,1.0,0.0,6.0,0.0,0.0,0.0,0.0,0.0,55442.643001927994
5.0,1968.0,1968.0,952.0,250.0,1211.0,0.0,1211.0,1.0,0.0,5.0,1.0,1.0,322.0,0.0,63.0,122839.50183822028
4.0,1910.0,2004.0,576.0,0.0,792.0,348.0,1140.0,1.0,0.0,7.0,0.0,0.0,0.0,0.0,160.0,76273.47933005821
5.0,1977.0,1977.0,757.0,548.0,925.0,550.0,1475.0,2.0,0.0,6.0,1.0,1.0,336.0,104.0,26.0,142378.6346497757
2.0,1936.0,1950.0,264.0,0.0,800.0,0.0,800.0,1.0,0.0,4.0,1.0,0.0,0.0,0.0,0.0,7485.490683187265
5.0,1921.0,1968.0,1073.0,0.0,1073.0,0.0,1073.0,1.0,0.0,4.0,0.0,1.0,326.0,0.0,0.0,93702.596971513
6.0,1980.0,1980.0,716.0,81.0,716.0,840.0,1556.0,2.0,1.0,6.0,1.0,2.0,452.0,161.0,0.0,173316.07388002705
6.0,1977.0,1977.0,975.0,975.0,1004.0,0.0,1004.0,1.0,0.0,4.0,0.0,2.0,504.0,0.0,0.0,151448.42501325347
6.0,1979.0,1979.0,918.0,0.0,918.0,0.0,918.0,2.0,0.0,5.0,1.0,1.0,264.0,28.0,0.0,134773.5405739213
5.0,1963.0,1963.0,1144.0,25.0,1144.0,0.0,1144.0,1.0,1.0,6.0,0.0,1.0,336.0,0.0,88.0,112640.75513234804
6.0,2000.0,2000.0,756.0,378.0,769.0,804.0,1573.0,2.0,1.0,5.0,0.0,2.0,440.0,0.0,32.0,169099.9680913859
5.0,1958.0,1958.0,874.0,460.0,874.0,650.0,1524.0,1.0,1.0,7.0,0.0,1.0,315.0,0.0,0.0,122974.86311744037
5.0,1964.0,1964.0,1728.0,40.0,1728.0,0.0,1728.0,2.0,0.0,10.0,0.0,1.0,352.0,155.0,0.0,161006.979315473
5.0,1910.0,1991.0,1117.0,969.0,820.0,527.0,1347.0,1.0,0.0,5.0,0.0,0.0,0.0,85.0,0.0,109993.59885470057
7.0,2004.0,2005.0,991.0,222.0,991.0,956.0,1947.0,2.0,1.0,8.0,1.0,2.0,678.0,0.0,136.0,227079.6283001972
6.0,1919.0,1950.0,764.0,0.0,1060.0,764.0,1824.0,1.0,0.0,8.0,1.0,2.0,520.0,0.0,0.0,162894.22189598926
7.0,1997.0,1997.0,964.0,0.0,993.0,1243.0,2236.0,2.0,1.0,8.0,1.0,2.0,642.0,0.0,0.0,224316.0733410963
8.0,2002.0,2002.0,1568.0,1218.0,1689.0,0.0,1689.0,2.0,0.0,7.0,2.0,3.0,857.0,150.0,59.0,292171.87965840916
6.0,1999.0,1999.0,841.0,0.0,892.0,783.0,1675.0,2.0,1.0,7.0,1.0,2.0,502.0,0.0,103.0,186741.35320796468
5.0,1980.0,1980.0,936.0,936.0,936.0,0.0,936.0,1.0,0.0,4.0,0.0,2.0,672.0,49.0,0.0,133101.9173517956
6.0,1972.0,1972.0,689.0,0.0,1378.0,741.0,2119.0,2.0,1.0,7.0,1.0,2.0,583.0,0.0,104.0,188408.5446210578
6.0,1997.0,1997.0,824.0,648.0,905.0,881.0,1786.0,2.0,1.0,7.0,0.0,2.0,684.0,0.0,162.0,190676.72716740775
5.0,1948.0,1950.0,720.0,0.0,720.0,551.0,1271.0,2.0,0.0,7.0,1.0,1.0,312.0,0.0,0.0,112794.13176021376
6.0,1967.0,1967.0,1372.0,251.0,1342.0,0.0,1342.0,2.0,0.0,7.0,1.0,2.0,457.0,0.0,0.0,174525.43103679898
5.0,1961.0,1961.0,988.0,827.0,988.0,0.0,988.0,1.0,0.0,5.0,0.0,2.0,572.0,0.0,0.0,126157.7974203967
7.0,2007.0,2007.0,728.0,0.0,728.0,728.0,1456.0,2.0,1.0,8.0,1.0,2.0,400.0,100.0,24.0,208045.17293477617
5.0,1967.0,1967.0,1632.0,0.0,1632.0,0.0,1632.0,2.0,0.0,8.0,0.0,2.0,576.0,0.0,0.0,158921.76232130104
5.0,1965.0,2008.0,912.0,595.0,912.0,0.0,912.0,1.0,0.0,5.0,0.0,2.0,576.0,0.0,240.0,138874.5243156911
8.0,2004.0,2005.0,1836.0,1039.0,1836.0,0.0,1836.0,2.0,0.0,7.0,1.0,3.0,862.0,125.0,185.0,289756.4644958533
5.0,1954.0,1954.0,1050.0,0.0,1050.0,745.0,1795.0,2.0,0.0,7.0,0.0,1.0,352.0,0.0,0.0,124870.92605515034
8.0,2008.0,2009.0,2042.0,0.0,2042.0,0.0,2042.0,2.0,1.0,8.0,1.0,3.0,1390.0,0.0,90.0,287106.4811626214
8.0,2004.0,2005.0,1143.0,0.0,1143.0,1330.0,2473.0,2.0,1.0,9.0,1.0,3.0,852.0,192.0,151.0,285915.34313205746
6.0,1923.0,1950.0,1065.0,300.0,915.0,720.0,1635.0,1.0,1.0,6.0,1.0,2.0,440.0,0.0,38.0,158337.84337339317
6.0,1959.0,1959.0,864.0,414.0,864.0,0.0,864.0,1.0,0.0,4.0,0.0,1.0,288.0,168.0,0.0,119344.21358078904
4.0,1971.0,1971.0,858.0,322.0,858.0,0.0,858.0,1.0,0.0,4.0,0.0,1.0,684.0,0.0,0.0,80430.13754806225
5.0,1960.0,1960.0,1075.0,666.0,1507.0,0.0,1507.0,2.0,0.0,7.0,0.0,1.0,404.0,0.0,0.0,136431.67924990482
6.0,1970.0,1970.0,483.0,321.0,483.0,504.0,987.0,1.0,1.0,5.0,0.0,1.0,280.0,0.0,0.0,116758.69867608114
8.0,1999.0,2000.0,970.0,649.0,983.0,756.0,1739.0,2.0,1.0,7.0,0.0,2.0,480.0,115.0,0.0,232814.29235476023
5.0,1952.0,1952.0,910.0,507.0,910.0,475.0,1385.0,2.0,0.0,6.0,0.0,2.0,720.0,0.0,0.0,131470.87146362872
8.0,1998.0,1998.0,1141.0,0.0,1165.0,1098.0,2263.0,2.0,1.0,10.0,1.0,2.0,420.0,144.0,123.0,262747.83861685335
7.0,2000.0,2001.0,1630.0,0.0,1630.0,0.0,1630.0,2.0,0.0,6.0,1.0,2.0,451.0,74.0,234.0,221142.67693542503
6.0,1957.0,1957.0,1244.0,777.0,1244.0,0.0,1244.0,1.0,1.0,6.0,2.0,1.0,336.0,0.0,40.0,163985.9023526518
6.0,1950.0,2004.0,1092.0,0.0,1152.0,0.0,1152.0,1.0,0.0,6.0,1.0,1.0,300.0,0.0,36.0,150444.61258657835
4.0,1940.0,1950.0,420.0,280.0,708.0,0.0,708.0,1.0,0.0,5.0,0.0,0.0,0.0,164.0,0.0,50528.89368572575
7.0,1996.0,1996.0,799.0,385.0,827.0,834.0,1661.0,2.0,1.0,6.0,1.0,2.0,550.0,158.0,61.0,211043.92272185162
7.0,1991.0,1991.0,1104.0,48.0,912.0,1215.0,2127.0,2.0,1.0,8.0,1.0,3.0,833.0,72.0,192.0,241345.30996837514
6.0,1964.0,1964.0,1127.0,564.0,1445.0,0.0,1445.0,1.0,1.0,7.0,1.0,2.0,645.0,180.0,0.0,186625.68020892027
6.0,1993.0,1994.0,799.0,0.0,799.0,772.0,1571.0,2.0,1.0,7.0,1.0,2.0,380.0,0.0,40.0,178576.81881553237
9.0,1999.0,2000.0,1698.0,1238.0,1709.0,0.0,1709.0,2.0,0.0,5.0,1.0,2.0,506.0,97.0,65.0,276611.35513317236
5.0,1947.0,1950.0,720.0,312.0,720.0,564.0,1284.0,1.0,1.0,5.0,0.0,1.0,240.0,0.0,35.0,99441.30719181243
7.0,2004.0,2005.0,1221.0,410.0,1221.0,0.0,1221.0,2.0,0.0,6.0,0.0,2.0,400.0,0.0,113.0,196288.63940079324
7.0,2005.0,2006.0,1392.0,57.0,1392.0,1070.0,2462.0,2.0,1.0,9.0,1.0,2.0,576.0,239.0,132.0,258365.05720012938
8.0,1932.0,1994.0,853.0,297.0,1549.0,1178.0,2727.0,2.0,1.0,10.0,2.0,2.0,440.0,0.0,74.0,271547.8680103745
5.0,1965.0,1965.0,1499.0,1249.0,1619.0,167.0,1786.0,2.0,0.0,7.0,2.0,2.0,529.0,670.0,0.0,220768.97080364125
7.0,2003.0,2003.0,840.0,0.0,840.0,828.0,1668.0,2.0,1.0,8.0,0.0,2.0,500.0,144.0,68.0,206815.2293987542
5.0,1954.0,2000.0,833.0,415.0,833.0,0.0,833.0,1.0,0.0,4.0,0.0,1.0,326.0,0.0,0.0,104824.15892332117
6.0,1999.0,1999.0,729.0,419.0,729.0,729.0,1458.0,2.0,1.0,5.0,1.0,2.0,440.0,0.0,32.0,175554.09183061472
4.0,1972.0,1972.0,864.0,600.0,864.0,0.0,864.0,1.0,0.0,5.0,0.0,2.0,576.0,216.0,0.0,111460.99305767706
8.0,2007.0,2008.0,1705.0,1288.0,1718.0,0.0,1718.0,2.0,0.0,7.0,1.0,3.0,826.0,208.0,44.0,290493.8248858226
8.0,2006.0,2006.0,1095.0,0.0,1095.0,844.0,1939.0,2.0,1.0,8.0,1.0,3.0,1053.0,192.0,51.0,268507.17188747437
5.0,1968.0,1968.0,864.0,510.0,874.0,0.0,874.0,1.0,0.0,5.0,0.0,1.0,288.0,33.0,0.0,104769.63477753405
3.0,1950.0,1950.0,0.0,0.0,1040.0,0.0,1040.0,2.0,0.0,6.0,0.0,2.0,400.0,0.0,0.0,65434.02879167558
5.0,1963.0,1963.0,1572.0,1159.0,1572.0,0.0,1572.0,1.0,1.0,5.0,2.0,3.0,995.0,0.0,263.0,199781.35503312037
4.0,1973.0,1973.0,462.0,462.0,526.0,462.0,988.0,1.0,0.0,5.0,0.0,1.0,297.0,120.0,101.0,86929.77976016281
10.0,1996.0,1996.0,2396.0,2096.0,2411.0,2065.0,4476.0,3.0,1.0,10.0,2.0,3.0,813.0,171.0,78.0,440101.1600501279
5.0,1965.0,1965.0,864.0,553.0,864.0,0.0,864.0,1.0,0.0,5.0,1.0,1.0,360.0,0.0,0.0,112557.38251077267
6.0,1999.0,1999.0,729.0,381.0,742.0,729.0,1471.0,2.0,1.0,6.0,0.0,2.0,440.0,0.0,24.0,169611.17661245237
7.0,1968.0,1992.0,570.0,0.0,1222.0,698.0,1920.0,3.0,0.0,8.0,1.0,2.0,487.0,0.0,98.0,210074.66849645623
5.0,1900.0,1950.0,861.0,241.0,961.0,406.0,1367.0,1.0,0.0,7.0,0.0,1.0,384.0,0.0,130.0,106532.64471282042
5.0,1958.0,1958.0,864.0,521.0,864.0,0.0,864.0,1.0,0.0,5.0,0.0,2.0,624.0,0.0,0.0,114821.08955803118
8.0,2008.0,2008.0,768.0,0.0,786.0,804.0,1590.0,2.0,1.0,6.0,0.0,2.0,676.0,0.0,30.0,212252.1008868618
6.0,1996.0,1997.0,1291.0,1003.0,1291.0,0.0,1291.0,1.0,0.0,6.0,1.0,2.0,431.0,307.0,0.0,203846.67278793687
6.0,2009.0,2009.0,612.0,0.0,612.0,612.0,1224.0,2.0,1.0,4.0,0.0,2.0,528.0,0.0,234.0,155738.35765453102
7.0,2000.0,2000.0,384.0,0.0,774.0,656.0,1430.0,2.0,1.0,8.0,1.0,2.0,400.0,100.0,0.0,200610.21956263436
5.0,1938.0,1995.0,803.0,0.0,803.0,557.0,1360.0,1.0,1.0,6.0,0.0,1.0,297.0,0.0,65.0,116421.47711801738
7.0,2003.0,2003.0,798.0,0.0,798.0,842.0,1640.0,2.0,1.0,6.0,0.0,2.0,595.0,0.0,45.0,191754.63635119027
4.0,1925.0,1950.0,780.0,152.0,848.0,0.0,1208.0,1.0,0.0,5.0,0.0,2.0,539.0,0.0,23.0,85936.01604703558
5.0,1936.0,1950.0,927.0,0.0,1067.0,472.0,1539.0,1.0,1.0,5.0,0.0,2.0,576.0,112.0,0.0,124979.86418954679
9.0,2007.0,2008.0,1620.0,1022.0,1620.0,0.0,1620.0,2.0,0.0,6.0,1.0,3.0,912.0,228.0,0.0,298220.50468040747
5.0,1979.0,1979.0,0.0,0.0,1535.0,0.0,1535.0,2.0,0.0,8.0,0.0,2.0,400.0,0.0,0.0,143242.216991595
8.0,1995.0,1995.0,1318.0,56.0,1328.0,1203.0,2531.0,2.0,1.0,9.0,1.0,3.0,752.0,222.0,98.0,286995.13886128296
4.0,1954.0,1954.0,948.0,732.0,948.0,0.0,948.0,1.0,0.0,5.0,1.0,1.0,280.0,0.0,36.0,94389.00119906827
4.0,1920.0,2007.0,715.0,0.0,1281.0,457.0,1738.0,2.0,0.0,7.0,1.0,1.0,368.0,55.0,0.0,127175.49553980608
8.0,1997.0,1998.0,1396.0,1074.0,1407.0,985.0,2392.0,2.0,1.0,7.0,1.0,3.0,870.0,0.0,70.0,285724.6559406533
9.0,2003.0,2004.0,1792.0,1567.0,1792.0,0.0,1792.0,2.0,0.0,6.0,1.0,3.0,874.0,206.0,49.0,312000.44806787
7.0,1920.0,1950.0,793.0,352.0,901.0,901.0,1802.0,1.0,1.0,9.0,1.0,1.0,216.0,0.0,0.0,175150.29607971176
4.0,1963.0,1963.0,1064.0,633.0,1040.0,0.0,1040.0,1.0,0.0,5.0,0.0,2.0,648.0,0.0,0.0,107738.18065039418
4.0,1957.0,1989.0,1104.0,0.0,1104.0,684.0,1788.0,1.0,0.0,8.0,2.0,1.0,304.0,120.0,0.0,144543.43499665777
5.0,1965.0,1965.0,1039.0,841.0,1039.0,0.0,1039.0,1.0,1.0,6.0,0.0,2.0,504.0,0.0,0.0,135338.3031525726
6.0,1912.0,1950.0,755.0,0.0,929.0,929.0,2229.0,1.0,0.0,8.0,0.0,0.0,0.0,0.0,198.0,128467.7924852476
5.0,1962.0,1962.0,1106.0,803.0,1190.0,0.0,1190.0,1.0,0.0,6.0,0.0,2.0,540.0,0.0,18.0,138533.3000139941
6.0,1941.0,1950.0,806.0,403.0,958.0,620.0,1578.0,1.0,0.0,5.0,2.0,1.0,240.0,0.0,0.0,147543.53468770836
5.0,1974.0,1975.0,1389.0,1071.0,1389.0,0.0,1389.0,1.0,0.0,6.0,1.0,2.0,418.0,240.0,38.0,177163.98176162574
6.0,1969.0,1969.0,938.0,938.0,988.0,0.0,988.0,1.0,0.0,4.0,2.0,2.0,540.0,0.0,130.0,167821.70032607485
5.0,1967.0,2004.0,864.0,450.0,899.0,0.0,899.0,1.0,0.0,5.0,0.0,1.0,288.0,64.0,0.0,117543.84425517917
6.0,1984.0,1984.0,744.0,623.0,752.0,0.0,752.0,1.0,0.0,4.0,0.0,1.0,264.0,353.0,0.0,136544.96401751903
7.0,2005.0,2006.0,756.0,0.0,756.0,797.0,1553.0,2.0,1.0,6.0,0.0,2.0,615.0,0.0,45.0,190218.774474259
6.0,1977.0,1977.0,1196.0,641.0,1279.0,0.0,1279.0,2.0,0.0,6.0,2.0,2.0,473.0,238.0,83.0,197720.76161463023
5.0,1965.0,1965.0,0.0,0.0,1664.0,0.0,1664.0,2.0,0.0,8.0,0.0,0.0,0.0,0.0,0.0,110096.9146138297
6.0,1934.0,1950.0,816.0,0.0,816.0,0.0,1176.0,1.0,0.0,6.0,1.0,2.0,528.0,112.0,0.0,140911.99947988335
7.0,1990.0,1991.0,1188.0,611.0,1217.0,0.0,1217.0,2.0,0.0,6.0,0.0,2.0,497.0,168.0,27.0,198111.60243253503
4.0,1920.0,2002.0,528.0,348.0,605.0,0.0,605.0,1.0,0.0,5.0,0.0,0.0,0.0,0.0,0.0,56717.41679069796
9.0,2007.0,2008.0,1698.0,1234.0,1698.0,0.0,1698.0,2.0,0.0,8.0,1.0,3.0,768.0,327.0,64.0,317025.4839684742
5.0,1963.0,1963.0,1040.0,824.0,1040.0,0.0,1040.0,1.0,1.0,5.0,0.0,1.0,308.0,0.0,0.0,114699.70200035954
8.0,2001.0,2002.0,1267.0,1005.0,1296.0,0.0,1296.0,2.0,0.0,6.0,0.0,2.0,471.0,192.0,25.0,233144.75183743774
5.0,1951.0,1951.0,2136.0,756.0,2136.0,0.0,2136.0,2.0,0.0,7.0,0.0,2.0,528.0,0.0,30.0,181469.20393330697
7.0,2003.0,2003.0,884.0,550.0,884.0,884.0,1768.0,2.0,1.0,8.0,0.0,2.0,543.0,0.0,63.0,213107.3522316357
6.0,1998.0,1998.0,1237.0,1201.0,1337.0,0.0,1337.0,2.0,0.0,5.0,0.0,2.0,405.0,0.0,199.0,187227.24295755406
5.0,1976.0,1976.0,264.0,0.0,616.0,688.0,1304.0,1.0,1.0,4.0,1.0,1.0,336.0,141.0,24.0,113851.31012713001
6.0,1980.0,1980.0,1686.0,625.0,1686.0,0.0,1686.0,2.0,0.0,7.0,1.0,2.0,612.0,384.0,131.0,219605.19403989823
5.0,1954.0,1954.0,988.0,0.0,988.0,0.0,988.0,1.0,0.0,4.0,0.0,2.0,520.0,0.0,0.0,105708.55571133667
7.0,1961.0,2007.0,944.0,867.0,999.0,0.0,999.0,1.0,0.0,6.0,0.0,2.0,588.0,144.0,76.0,191614.71786265634
6.0,1965.0,1965.0,1136.0,892.0,1136.0,0.0,1136.0,1.0,0.0,5.0,1.0,1.0,384.0,426.0,0.0,166242.87055850076
6.0,1973.0,1973.0,483.0,309.0,483.0,504.0,987.0,1.0,1.0,5.0,0.0,1.0,264.0,72.0,0.0,120735.45098270313
7.0,1979.0,1979.0,539.0,315.0,1040.0,685.0,1725.0,2.0,1.0,6.0,1.0,2.0,550.0,0.0,88.0,197073.55103376508
6.0,1995.0,1996.0,691.0,592.0,691.0,807.0,1498.0,2.0,1.0,6.0,1.0,2.0,409.0,315.0,44.0,193216.23771097092
5.0,1910.0,1996.0,658.0,0.0,658.0,526.0,1184.0,1.0,0.0,8.0,0.0,0.0,0.0,0.0,151.0,97540.96382197551
5.0,1991.0,1992.0,974.0,212.0,974.0,0.0,974.0,1.0,0.0,5.0,0.0,0.0,0.0,0.0,28.0,99211.94319923711
5.0,1976.0,1976.0,780.0,381.0,1088.0,780.0,1868.0,2.0,1.0,9.0,1.0,2.0,484.0,448.0,96.0,193653.3808218625
5.0,1954.0,1954.0,0.0,0.0,1124.0,0.0,1124.0,1.0,0.0,5.0,1.0,0.0,0.0,0.0,36.0,82801.98264677031
5.0,1970.0,1970.0,630.0,0.0,630.0,672.0,1302.0,2.0,1.0,6.0,0.0,2.0,440.0,0.0,0.0,123856.35214238917
5.0,1962.0,1962.0,912.0,737.0,912.0,0.0,912.0,1.0,0.0,4.0,0.0,1.0,352.0,140.0,0.0,107744.68389277696
6.0,1932.0,1950.0,854.0,297.0,1096.0,895.0,1991.0,1.0,1.0,7.0,1.0,2.0,432.0,0.0,0.0,171247.19355163327
5.0,1954.0,2003.0,1086.0,320.0,1086.0,0.0,1086.0,1.0,0.0,6.0,0.0,2.0,490.0,0.0,0.0,138950.44331008312
5.0,1915.0,1950.0,686.0,686.0,966.0,686.0,1652.0,2.0,0.0,7.0,0.0,1.0,416.0,0.0,0.0,120562.39015032072
5.0,1962.0,1962.0,1057.0,417.0,1057.0,0.0,1057.0,1.0,0.0,6.0,0.0,2.0,576.0,0.0,0.0,127495.55922564515
5.0,1928.0,1950.0,1042.0,0.0,1042.0,534.0,1576.0,1.0,0.0,8.0,1.0,1.0,225.0,0.0,0.0,125555.12855687924
5.0,1975.0,1975.0,1056.0,788.0,1074.0,0.0,1074.0,1.0,1.0,6.0,0.0,2.0,495.0,0.0,88.0,141966.68909567897
8.0,2009.0,2009.0,832.0,544.0,832.0,1103.0,1935.0,2.0,1.0,8.0,0.0,2.0,552.0,0.0,150.0,239623.79912012
7.0,2001.0,2002.0,1541.0,0.0,1541.0,0.0,1541.0,2.0,0.0,6.0,1.0,3.0,843.0,468.0,81.0,247451.99762966367
6.0,1939.0,1950.0,780.0,0.0,825.0,587.0,1412.0,1.0,0.0,6.0,1.0,1.0,280.0,45.0,0.0,131782.8710947116
4.0,1956.0,1956.0,882.0,0.0,882.0,0.0,882.0,1.0,0.0,4.0,0.0,0.0,0.0,0.0,0.0,50856.20863805758
8.0,2006.0,2006.0,1656.0,24.0,1656.0,0.0,1656.0,2.0,0.0,7.0,0.0,3.0,826.0,0.0,146.0,251275.9340639154
4.0,1927.0,2007.0,656.0,0.0,968.0,0.0,968.0,2.0,0.0,5.0,0.0,1.0,216.0,0.0,0.0,85023.1693401204
5.0,1920.0,1950.0,458.0,108.0,835.0,0.0,835.0,1.0,0.0,5.0,0.0,1.0,366.0,0.0,0.0,79101.67014707136
8.0,2007.0,2008.0,1034.0,789.0,1050.0,1028.0,2078.0,2.0,1.0,8.0,1.0,3.0,836.0,0.0,102.0,275504.38722064695
5.0,1900.0,2003.0,1272.0,1084.0,1272.0,928.0,2200.0,2.0,2.0,9.0,0.0,0.0,0.0,0.0,70.0,158767.10563393147
4.0,1900.0,2000.0,0.0,0.0,694.0,600.0,1294.0,2.0,0.0,7.0,0.0,0.0,0.0,220.0,114.0,79744.81218786282
7.0,2005.0,2005.0,1310.0,24.0,1310.0,0.0,1310.0,2.0,0.0,6.0,1.0,2.0,400.0,0.0,0.0,202487.1247812598
7.0,1989.0,1989.0,807.0,421.0,1175.0,807.0,1982.0,2.0,1.0,7.0,1.0,2.0,575.0,0.0,84.0,217955.23560179677
6.0,2004.0,2004.0,839.0,759.0,864.0,729.0,1593.0,2.0,1.0,8.0,1.0,2.0,398.0,100.0,75.0,205427.53998137708
6.0,2000.0,2000.0,992.0,695.0,1022.0,1032.0,2054.0,2.0,1.0,7.0,1.0,2.0,390.0,24.0,48.0,209244.7998978987
5.0,1966.0,1966.0,1024.0,516.0,1086.0,0.0,1086.0,1.0,0.0,6.0,1.0,2.0,484.0,0.0,0.0,140730.24812900554
5.0,1950.0,1950.0,876.0,534.0,988.0,0.0,988.0,1.0,0.0,6.0,0.0,1.0,276.0,0.0,80.0,104467.44717346551
6.0,1964.0,1964.0,1251.0,553.0,1251.0,0.0,1251.0,1.0,0.0,6.0,2.0,1.0,461.0,0.0,116.0,165008.32845859672
5.0,2007.0,2007.0,1120.0,206.0,1120.0,0.0,1120.0,1.0,0.0,6.0,0.0,0.0,0.0,0.0,30.0,117042.81619428657
5.0,1957.0,1996.0,1070.0,360.0,1236.0,0.0,1236.0,1.0,0.0,6.0,1.0,1.0,447.0,0.0,0.0,138003.12905768747
7.0,1970.0,1970.0,1304.0,0.0,1682.0,0.0,1682.0,2.0,0.0,7.0,1.0,2.0,530.0,98.0,0.0,206789.4200217179
6.0,1980.0,1980.0,1056.0,1056.0,1056.0,0.0,1056.0,0.0,0.0,4.0,0.0,2.0,576.0,264.0,56.0,166759.39067085856
6.0,1966.0,2002.0,1517.0,247.0,1888.0,0.0,1888.0,2.0,1.0,6.0,1.0,2.0,578.0,0.0,0.0,203812.51746878005
6.0,1962.0,1962.0,1116.0,0.0,1116.0,0.0,1116.0,1.0,1.0,5.0,0.0,2.0,440.0,0.0,0.0,139392.17028792202
6.0,1968.0,1968.0,702.0,384.0,1041.0,702.0,1743.0,1.0,2.0,7.0,1.0,2.0,539.0,224.0,0.0,186480.9014488107
5.0,1973.0,1973.0,1656.0,0.0,1656.0,0.0,1656.0,2.0,0.0,8.0,0.0,2.0,506.0,0.0,211.0,165641.37745000632
7.0,2005.0,2005.0,1257.0,0.0,1266.0,0.0,1266.0,2.0,0.0,6.0,1.0,2.0,453.0,38.0,144.0,204096.80806097668
6.0,1964.0,1964.0,1248.0,624.0,1350.0,0.0,1350.0,1.0,1.0,6.0,0.0,2.0,520.0,176.0,0.0,170802.81296037138
6.0,1971.0,1971.0,912.0,0.0,912.0,912.0,1824.0,2.0,2.0,8.0,0.0,0.0,0.0,128.0,0.0,145265.9832521428
4.0,1900.0,1950.0,859.0,0.0,859.0,319.0,1178.0,1.0,0.0,7.0,0.0,1.0,384.0,68.0,0.0,78478.44441917865
7.0,2005.0,2006.0,1614.0,20.0,1614.0,0.0,1614.0,2.0,0.0,7.0,0.0,3.0,865.0,144.0,59.0,234318.62691141665
6.0,1976.0,1976.0,855.0,566.0,855.0,601.0,1456.0,2.0,1.0,7.0,1.0,2.0,440.0,87.0,0.0,180433.10612472636
4.0,1922.0,1950.0,796.0,0.0,796.0,0.0,796.0,1.0,0.0,5.0,0.0,0.0,0.0,0.0,0.0,43983.54824217176
8.0,2006.0,2006.0,1085.0,0.0,1120.0,850.0,1970.0,2.0,1.0,8.0,1.0,3.0,753.0,177.0,74.0,267247.461586294
7.0,1990.0,1991.0,910.0,738.0,1442.0,0.0,1442.0,2.0,0.0,6.0,1.0,2.0,719.0,0.0,244.0,212744.58426005184
6.0,1981.0,1981.0,1440.0,678.0,1440.0,0.0,1440.0,2.0,0.0,7.0,1.0,2.0,467.0,0.0,0.0,191904.6596156794
5.0,1977.0,1977.0,1430.0,1283.0,1647.0,0.0,1647.0,2.0,0.0,7.0,1.0,2.0,621.0,0.0,0.0,187804.3285159492
7.0,2002.0,2002.0,831.0,0.0,831.0,829.0,1660.0,2.0,1.0,7.0,0.0,2.0,493.0,144.0,68.0,201856.20554287243
6.0,1968.0,1968.0,727.0,298.0,829.0,727.0,1556.0,1.0,1.0,8.0,0.0,2.0,441.0,0.0,0.0,162500.23154893634
5.0,1890.0,1996.0,1088.0,1088.0,1188.0,561.0,1869.0,1.0,0.0,7.0,0.0,2.0,456.0,48.0,0.0,163237.3890773994
7.0,1993.0,1993.0,1080.0,50.0,1080.0,1017.0,2097.0,2.0,1.0,9.0,1.0,3.0,678.0,196.0,187.0,250971.34302677657
5.0,1950.0,1950.0,1164.0,1040.0,1164.0,0.0,1164.0,1.0,0.0,5.0,0.0,1.0,240.0,0.0,48.0,116482.69725773158
10.0,2006.0,2006.0,1410.0,0.0,1426.0,1519.0,2945.0,3.0,1.0,10.0,1.0,3.0,641.0,192.0,0.0,344486.5272996661
7.0,2005.0,2006.0,1145.0,16.0,1145.0,0.0,1145.0,2.0,0.0,5.0,1.0,2.0,397.0,100.0,16.0,195427.8147193652
7.0,1994.0,1994.0,1223.0,1000.0,1223.0,904.0,2127.0,2.0,1.0,5.0,2.0,2.0,525.0,171.0,132.0,246284.47941597342
6.0,1945.0,1950.0,735.0,94.0,798.0,689.0,1487.0,1.0,1.0,7.0,1.0,1.0,220.0,0.0,140.0,140377.71542003122
6.0,1925.0,1950.0,672.0,551.0,697.0,672.0,1369.0,2.0,0.0,6.0,0.0,1.0,300.0,147.0,0.0,130741.24333859165
5.0,1984.0,1985.0,876.0,658.0,923.0,0.0,923.0,1.0,0.0,5.0,0.0,1.0,264.0,362.0,0.0,129596.15292749065
8.0,1985.0,1985.0,1742.0,1148.0,1742.0,0.0,1742.0,2.0,0.0,5.0,1.0,2.0,564.0,114.0,28.0,250819.16472787084
7.0,2005.0,2005.0,1026.0,0.0,1026.0,932.0,1958.0,2.0,1.0,9.0,1.0,3.0,936.0,154.0,210.0,251852.5619828801
8.0,2007.0,2008.0,1704.0,1218.0,1704.0,0.0,1704.0,2.0,0.0,7.0,1.0,3.0,772.0,0.0,50.0,280501.7526905802
6.0,1995.0,1996.0,806.0,0.0,806.0,766.0,1572.0,2.0,1.0,7.0,1.0,2.0,373.0,0.0,40.0,179657.29296383704
5.0,1976.0,1976.0,1680.0,0.0,1680.0,0.0,1680.0,2.0,0.0,8.0,0.0,2.0,528.0,0.0,0.0,165058.46384125715
6.0,1976.0,1976.0,1078.0,120.0,958.0,0.0,958.0,2.0,0.0,5.0,1.0,2.0,440.0,0.0,205.0,155531.71538788197
4.0,1966.0,1966.0,1056.0,1056.0,1056.0,0.0,1056.0,1.0,0.0,5.0,0.0,1.0,384.0,0.0,42.0,100939.48978271824
7.0,1993.0,1994.0,1311.0,1173.0,1325.0,1093.0,2418.0,2.0,1.0,9.0,1.0,3.0,983.0,250.0,154.0,284721.50882599317
6.0,2005.0,2005.0,728.0,0.0,728.0,728.0,1456.0,2.0,1.0,8.0,0.0,2.0,400.0,100.0,24.0,177901.15744884568
7.0,1998.0,1998.0,1649.0,0.0,1661.0,0.0,1661.0,2.0,0.0,6.0,0.0,2.0,598.0,0.0,34.0,206349.0955367908
7.0,1959.0,1997.0,1501.0,1247.0,1801.0,0.0,1801.0,2.0,0.0,6.0,2.0,2.0,484.0,0.0,54.0,241609.28858284326
4.0,1926.0,1953.0,600.0,0.0,747.0,0.0,747.0,1.0,0.0,5.0,0.0,2.0,528.0,0.0,0.0,73537.10202519456
8.0,2003.0,2004.0,1518.0,1218.0,1518.0,0.0,1518.0,1.0,1.0,6.0,1.0,2.0,588.0,185.0,140.0,259024.2615878093
4.0,1950.0,1950.0,0.0,0.0,1040.0,0.0,1040.0,1.0,0.0,4.0,0.0,2.0,420.0,0.0,29.0,75656.07238906459
5.0,1977.0,1977.0,1126.0,767.0,1126.0,0.0,1126.0,2.0,0.0,6.0,0.0,2.0,540.0,180.0,0.0,151647.38320006896
6.0,1957.0,1957.0,1392.0,1040.0,1392.0,0.0,1392.0,1.0,1.0,6.0,2.0,2.0,458.0,0.0,0.0,188952.76795226824
6.0,1977.0,1995.0,506.0,506.0,1212.0,0.0,1212.0,1.0,0.0,6.0,1.0,2.0,492.0,292.0,12.0,181801.72313952702
9.0,2008.0,2008.0,1498.0,0.0,1506.0,0.0,1506.0,2.0,0.0,6.0,1.0,2.0,592.0,0.0,174.0,254996.73649092182
5.0,1930.0,1960.0,742.0,0.0,779.0,0.0,935.0,1.0,0.0,4.0,0.0,1.0,308.0,0.0,0.0,81190.65762032033
7.0,2006.0,2007.0,1092.0,812.0,1112.0,438.0,1550.0,2.0,0.0,7.0,0.0,2.0,438.0,0.0,168.0,213943.47487966414
7.0,2004.0,2005.0,1080.0,680.0,1080.0,0.0,1080.0,1.0,0.0,6.0,0.0,0.0,0.0,0.0,0.0,159875.07989216852
9.0,2005.0,2006.0,1922.0,1249.0,1922.0,0.0,1922.0,2.0,0.0,8.0,1.0,3.0,676.0,178.0,51.0,319649.9927017917
5.0,1954.0,1954.0,1268.0,540.0,1268.0,0.0,1268.0,1.0,0.0,7.0,1.0,1.0,244.0,0.0,98.0,133995.6948764855
5.0,1957.0,1957.0,1092.0,895.0,1092.0,0.0,1092.0,1.0,0.0,6.0,1.0,1.0,299.0,268.0,0.0,138360.79349056864
4.0,1968.0,1968.0,1768.0,0.0,1768.0,0.0,1768.0,2.0,0.0,8.0,0.0,0.0,0.0,0.0,0.0,114028.29060918046
7.0,2007.0,2007.0,813.0,0.0,822.0,843.0,1665.0,2.0,1.0,7.0,0.0,2.0,562.0,0.0,0.0,197826.95778788044
5.0,2005.0,2006.0,1090.0,980.0,1090.0,0.0,1090.0,1.0,1.0,5.0,0.0,2.0,450.0,0.0,49.0,155543.9769493104
4.0,1953.0,1953.0,936.0,0.0,936.0,0.0,936.0,1.0,0.0,4.0,0.0,2.0,576.0,0.0,32.0,84310.10596304922
8.0,2004.0,2005.0,1117.0,0.0,1132.0,1320.0,2452.0,3.0,1.0,9.0,1.0,3.0,691.0,113.0,32.0,280756.9563037788
8.0,1984.0,1984.0,1220.0,1036.0,1360.0,0.0,1360.0,1.0,0.0,4.0,1.0,2.0,565.0,63.0,0.0,221959.00672696042
8.0,2004.0,2004.0,707.0,0.0,707.0,707.0,1414.0,2.0,1.0,6.0,1.0,2.0,403.0,100.0,35.0,216691.8003067877
5.0,1970.0,1970.0,765.0,765.0,765.0,600.0,1365.0,1.0,1.0,7.0,0.0,2.0,440.0,0.0,36.0,142849.27642672253
8.0,2003.0,2003.0,1657.0,370.0,1668.0,0.0,1668.0,2.0,0.0,8.0,1.0,2.0,502.0,0.0,262.0,254929.5458844616
5.0,1969.0,1969.0,1040.0,650.0,1040.0,1040.0,2080.0,1.0,2.0,9.0,2.0,2.0,504.0,335.0,0.0,205137.70945802983
8.0,2004.0,2005.0,1686.0,1369.0,1694.0,0.0,1694.0,2.0,0.0,7.0,1.0,2.0,636.0,255.0,57.0,275963.2779462652
5.0,1923.0,2004.0,1324.0,1309.0,1072.0,504.0,1576.0,1.0,1.0,6.0,1.0,2.0,528.0,0.0,312.0,179726.91140643018
6.0,1946.0,1950.0,979.0,484.0,979.0,979.0,1958.0,2.0,0.0,8.0,0.0,2.0,492.0,0.0,0.0,170765.13018562365
5.0,1957.0,2000.0,1134.0,168.0,1803.0,0.0,1803.0,2.0,0.0,8.0,1.0,2.0,484.0,0.0,0.0,180609.18408369436
7.0,1969.0,1969.0,1164.0,0.0,1164.0,0.0,1164.0,1.0,1.0,6.0,0.0,2.0,528.0,0.0,0.0,168948.45928123547
5.0,1972.0,1972.0,894.0,894.0,894.0,0.0,894.0,1.0,0.0,5.0,0.0,2.0,552.0,256.0,0.0,138185.13059562305
6.0,1998.0,1999.0,1405.0,266.0,1337.0,0.0,1337.0,2.0,0.0,5.0,0.0,2.0,511.0,144.0,68.0,179260.90473553655
7.0,2004.0,2004.0,1436.0,946.0,1436.0,0.0,1436.0,2.0,0.0,8.0,0.0,2.0,484.0,139.0,98.0,227677.60587457428
7.0,2007.0,2008.0,1314.0,904.0,1314.0,0.0,1314.0,2.0,0.0,6.0,1.0,2.0,626.0,172.0,62.0,226626.7251387483
9.0,2007.0,2007.0,1869.0,0.0,1869.0,0.0,1869.0,2.0,0.0,6.0,1.0,2.0,617.0,210.0,54.0,277369.9137771516
5.0,1969.0,1969.0,1248.0,500.0,1338.0,1296.0,2634.0,2.0,2.0,12.0,0.0,4.0,968.0,0.0,0.0,233781.02111437242
4.0,1973.0,1973.0,546.0,334.0,546.0,546.0,1092.0,1.0,1.0,6.0,0.0,1.0,286.0,120.0,96.0,93589.36489274073
6.0,1924.0,1950.0,617.0,617.0,865.0,445.0,1310.0,2.0,0.0,6.0,0.0,1.0,398.0,0.0,0.0,126214.58714806451
5.0,1925.0,1994.0,702.0,0.0,842.0,630.0,1472.0,1.0,0.0,6.0,0.0,1.0,250.0,0.0,0.0,113707.85191845847
9.0,2008.0,2008.0,1452.0,1330.0,1476.0,1237.0,2713.0,2.0,1.0,11.0,1.0,3.0,858.0,126.0,66.0,344040.39468466793
6.0,1993.0,1994.0,697.0,518.0,697.0,804.0,1501.0,2.0,1.0,6.0,1.0,2.0,420.0,190.0,63.0,186767.68175324146
2.0,1949.0,1950.0,480.0,50.0,480.0,0.0,480.0,0.0,0.0,4.0,0.0,1.0,308.0,0.0,0.0,6220.056359027745
8.0,2008.0,2008.0,1932.0,1336.0,1932.0,0.0,1932.0,2.0,0.0,7.0,1.0,3.0,774.0,0.0,66.0,292894.25369241857
7.0,1931.0,1950.0,952.0,0.0,1022.0,752.0,1774.0,2.0,0.0,8.0,2.0,2.0,468.0,90.0,0.0,199147.8034649843
5.0,1945.0,1997.0,686.0,329.0,866.0,0.0,866.0,1.0,0.0,4.0,0.0,0.0,0.0,58.0,42.0,87446.38385485928
8.0,2002.0,2002.0,1128.0,0.0,1149.0,1141.0,2290.0,2.0,1.0,9.0,1.0,2.0,779.0,0.0,0.0,255697.1768945835
6.0,2000.0,2000.0,756.0,420.0,756.0,756.0,1512.0,2.0,1.0,4.0,1.0,2.0,440.0,0.0,32.0,173837.14023479936
9.0,2008.0,2009.0,2002.0,0.0,2018.0,0.0,2018.0,2.0,0.0,10.0,1.0,3.0,746.0,144.0,76.0,313611.7739112165
6.0,1905.0,2000.0,482.0,0.0,1221.0,691.0,1912.0,2.0,0.0,7.0,1.0,2.0,672.0,0.0,25.0,176941.64949283982
5.0,1938.0,1996.0,190.0,0.0,886.0,0.0,886.0,1.0,0.0,4.0,0.0,1.0,273.0,144.0,20.0,95472.72262883768
8.0,2006.0,2006.0,1935.0,0.0,1973.0,0.0,1973.0,2.0,0.0,9.0,1.0,3.0,895.0,315.0,45.0,293782.90786865656
6.0,1970.0,1970.0,1442.0,0.0,1442.0,0.0,1442.0,2.0,0.0,6.0,1.0,2.0,615.0,371.0,0.0,187779.39925528085
7.0,2003.0,2003.0,868.0,786.0,1146.0,0.0,1146.0,2.0,0.0,6.0,1.0,2.0,438.0,160.0,22.0,209904.1490954468
7.0,2007.0,2008.0,1372.0,0.0,1372.0,0.0,1372.0,2.0,0.0,6.0,0.0,2.0,529.0,0.0,140.0,199393.01641106606
7.0,1925.0,2007.0,952.0,0.0,952.0,596.0,1548.0,2.0,1.0,5.0,0.0,2.0,672.0,74.0,0.0,180942.1337689117
6.0,1976.0,1976.0,958.0,958.0,958.0,0.0,958.0,2.0,0.0,5.0,0.0,2.0,440.0,0.0,60.0,155206.84403954796
5.0,1910.0,1950.0,796.0,0.0,796.0,0.0,796.0,1.0,0.0,4.0,0.0,0.0,0.0,328.0,0.0,70450.67168645258
8.0,2001.0,2002.0,1055.0,0.0,1055.0,1208.0,2263.0,2.0,1.0,7.0,1.0,2.0,905.0,0.0,45.0,246545.63814587006
5.0,1969.0,1969.0,780.0,493.0,780.0,840.0,1620.0,2.0,1.0,7.0,0.0,2.0,462.0,208.0,0.0,154027.12909752154
8.0,2005.0,2006.0,2077.0,1721.0,2097.0,0.0,2097.0,1.0,1.0,8.0,1.0,3.0,1134.0,192.0,267.0,321309.28443296184
8.0,2002.0,2002.0,1800.0,1274.0,1800.0,0.0,1800.0,2.0,0.0,7.0,1.0,3.0,765.0,270.0,78.0,293921.1956202346
8.0,2006.0,2006.0,1370.0,24.0,1370.0,0.0,1370.0,2.0,0.0,6.0,1.0,2.0,484.0,120.0,49.0,231091.50180001487
7.0,1978.0,1978.0,1392.0,790.0,1392.0,1392.0,2784.0,3.0,1.0,12.0,2.0,2.0,564.0,0.0,112.0,277900.0870434905
8.0,2006.0,2006.0,1520.0,1154.0,1567.0,0.0,1567.0,2.0,0.0,7.0,1.0,3.0,648.0,312.0,0.0,282816.4750464384
7.0,2004.0,2005.0,716.0,425.0,716.0,716.0,1432.0,2.0,1.0,6.0,1.0,2.0,432.0,100.0,51.0,205149.67124591302
6.0,1994.0,1994.0,928.0,814.0,936.0,785.0,1721.0,2.0,1.0,7.0,0.0,2.0,471.0,300.0,87.0,200927.51903759618
4.0,1920.0,1950.0,698.0,0.0,698.0,430.0,1128.0,1.0,0.0,6.0,0.0,2.0,528.0,30.0,0.0,86486.71983505017
5.0,1960.0,1960.0,1269.0,374.0,1269.0,0.0,1269.0,1.0,1.0,6.0,1.0,1.0,308.0,0.0,0.0,130361.64693118748
7.0,2005.0,2006.0,1552.0,24.0,1552.0,0.0,1552.0,2.0,0.0,7.0,0.0,3.0,782.0,144.0,20.0,230487.69398902147
6.0,1971.0,2004.0,1258.0,656.0,1258.0,0.0,1258.0,2.0,0.0,5.0,0.0,2.0,528.0,55.0,0.0,174154.76046568225
5.0,1930.0,1992.0,1078.0,0.0,1128.0,445.0,1573.0,2.0,0.0,8.0,1.0,2.0,360.0,0.0,0.0,157484.64840445085
8.0,1976.0,1996.0,1142.0,575.0,1175.0,1540.0,2715.0,3.0,1.0,11.0,2.0,2.0,831.0,0.0,204.0,292190.1765522475
7.0,1996.0,1997.0,729.0,604.0,729.0,717.0,1446.0,2.0,1.0,6.0,1.0,2.0,406.0,264.0,22.0,210515.52650128258
6.0,1923.0,1950.0,1200.0,0.0,1200.0,0.0,1200.0,1.0,0.0,7.0,0.0,1.0,312.0,0.0,0.0,125317.22013023403
3.0,1914.0,1950.0,864.0,41.0,864.0,0.0,864.0,1.0,0.0,5.0,0.0,0.0,0.0,0.0,0.0,26991.03827364638
6.0,1992.0,1992.0,936.0,747.0,996.0,0.0,996.0,1.0,0.0,5.0,0.0,2.0,564.0,120.0,0.0,163592.38002985972
5.0,1900.0,1950.0,662.0,0.0,1422.0,915.0,2337.0,2.0,0.0,10.0,0.0,2.0,560.0,0.0,57.0,156685.98102355446
4.0,1949.0,1950.0,720.0,0.0,720.0,472.0,1192.0,1.0,1.0,6.0,0.0,0.0,0.0,0.0,0.0,61139.85631355853
5.0,1979.0,1979.0,1086.0,1086.0,1224.0,0.0,1224.0,0.0,2.0,6.0,2.0,2.0,528.0,120.0,0.0,176435.65507992264
8.0,2001.0,2002.0,1593.0,1153.0,1593.0,0.0,1593.0,1.0,1.0,5.0,1.0,2.0,682.0,0.0,120.0,249380.48623646586
4.0,1920.0,1950.0,720.0,495.0,720.0,0.0,720.0,1.0,0.0,4.0,0.0,0.0,0.0,0.0,523.0,51843.0904675608
4.0,1954.0,1954.0,894.0,552.0,894.0,0.0,894.0,1.0,0.0,5.0,0.0,2.0,400.0,0.0,0.0,93844.5788666096
5.0,1900.0,1950.0,540.0,0.0,889.0,551.0,1440.0,1.0,0.0,6.0,0.0,1.0,352.0,0.0,0.0,94233.17739962111
5.0,1955.0,1990.0,864.0,167.0,864.0,0.0,864.0,1.0,0.0,5.0,0.0,2.0,572.0,0.0,0.0,119060.4230368617
7.0,1990.0,1991.0,2158.0,485.0,2196.0,0.0,2196.0,2.0,0.0,7.0,1.0,3.0,701.0,84.0,70.0,266364.016194511
8.0,2006.0,2006.0,1588.0,0.0,1588.0,0.0,1588.0,2.0,0.0,7.0,1.0,3.0,825.0,144.0,45.0,261720.67281661672
9.0,2006.0,2007.0,1746.0,1320.0,1746.0,0.0,1746.0,2.0,0.0,7.0,2.0,3.0,758.0,201.0,39.0,320293.8728201734
7.0,1986.0,1986.0,1453.0,1082.0,1453.0,0.0,1453.0,1.0,1.0,6.0,1.0,2.0,445.0,0.0,80.0,217031.4144143199
5.0,1959.0,1959.0,1350.0,967.0,1328.0,0.0,1328.0,1.0,1.0,5.0,2.0,1.0,308.0,0.0,104.0,149131.62443707557
3.0,1910.0,1950.0,600.0,0.0,600.0,368.0,968.0,1.0,0.0,6.0,0.0,0.0,0.0,0.0,0.0,26816.754869057797
6.0,2002.0,2003.0,783.0,457.0,807.0,702.0,1509.0,2.0,1.0,7.0,1.0,2.0,393.0,100.0,75.0,192889.63720240048
4.0,1959.0,1959.0,950.0,569.0,1225.0,0.0,1225.0,1.0,1.0,6.0,0.0,0.0,0.0,352.0,0.0,96579.99730513687
8.0,1992.0,1993.0,3200.0,1231.0,3228.0,0.0,3228.0,3.0,0.0,10.0,1.0,2.0,546.0,264.0,75.0,350233.52118907333
8.0,2007.0,2007.0,1496.0,0.0,1496.0,0.0,1496.0,2.0,0.0,7.0,0.0,2.0,474.0,168.0,130.0,234201.4338129519
8.0,2006.0,2006.0,1554.0,24.0,1554.0,0.0,1554.0,2.0,0.0,6.0,1.0,2.0,627.0,156.0,73.0,241994.29846776347
7.0,2006.0,2007.0,625.0,0.0,625.0,625.0,1250.0,2.0,1.0,5.0,0.0,2.0,625.0,0.0,54.0,176893.98394353245
6.0,2000.0,2000.0,959.0,786.0,959.0,712.0,1671.0,2.0,1.0,7.0,1.0,2.0,472.0,0.0,38.0,199940.90445114835
6.0,1957.0,1975.0,2035.0,1219.0,2515.0,0.0,2515.0,3.0,0.0,9.0,2.0,2.0,484.0,0.0,0.0,257240.07283276576
